id,name,type,address,pincode,latitude,longitude,services,free,hours,handles_minors,phone,source,verified_on,sample,only_under_18
victoria,Victoria Hospital (BMCRI),Government medical college hospital,"Fort, K.R. Road, City Market, Bengaluru",560002,12.9632,77.5738,pep;ec;injury;sti;checkup,yes,24x7,unknown,,"Own research list, Sept 2026. Services and coordinates not yet confirmed.",,no,no
vanivilas,Vanivilas Women and Children Hospital,Government hospital,"K.R. Road, near City Market, Bengaluru",560002,12.9620,77.5745,pep;ec;injury;sti;checkup,yes,24x7,yes,,"Own research list, Sept 2026. Services and coordinates not yet confirmed.",,no,no
bowring,Bowring and Lady Curzon Hospital,Government medical college hospital,"Lady Curzon Road, near Shivaji Nagar Bus Stand, Bengaluru",560001,12.9829,77.6049,pep;ec;injury;sti;checkup,yes,24x7,unknown,,"Own research list, Sept 2026. Services and coordinates not yet confirmed.",,no,no
igich,Indira Gandhi Institute of Child Health (IGICH),Government children's hospital,"South Hospital Complex, Dharmaram College Post, near Siddapura, Jayanagar, Bengaluru",560029,12.9391,77.5936,pep;ec;injury;sti,yes,24x7,yes,,"Own research list, Sept 2026. Services and coordinates not yet confirmed.",,no,yes
nimhans,NIMHANS (mental health),Government institute,"Hosur Road, Lakkasandra, Hombegowda Nagar, Bengaluru",560029,12.9425,77.5966,counselling,unknown,24x7,unknown,,"Own research list, Sept 2026. Services and coordinates not yet confirmed.",,no,no
apollo-bg-road,Apollo Hospital,Private hospital,"154/11, Bannerghatta Road, opposite IIM Bangalore, Bengaluru",560076,12.8958,77.5982,pep;ec;injury,unknown,24x7,unknown,,"Own research list, Sept 2026. Services and coordinates not yet confirmed.",,no,no
fortis-bg-road,Fortis Hospital,Private hospital,"154/9, Bannerghatta Road, opposite IIM-B, Bengaluru",560076,12.8948,77.5987,pep;ec;injury,unknown,24x7,unknown,,"Own research list, Sept 2026. Services and coordinates not yet confirmed.",,no,no
narayana-health-city,Narayana Health City,Private hospital,"258/A, Bommasandra Industrial Area, Hosur Road, Bengaluru",560099,12.8098,77.6953,pep;ec;injury,unknown,24x7,unknown,,"Own research list, Sept 2026. Services and coordinates not yet confirmed.",,no,no
manipal-old-airport-road,Manipal Hospital,Private hospital,"98, HAL Old Airport Road, Kodihalli, Bengaluru",560017,12.9587,77.6488,pep;ec;injury,unknown,24x7,unknown,,"Own research list, Sept 2026. Services and coordinates not yet confirmed.",,no,no
manipal-whitefield,Manipal Hospital Whitefield (formerly Columbia Asia),Private hospital,"Whitefield Main Road, near Varthur, Bengaluru",560066,12.9800,77.7400,pep;ec;injury,unknown,24x7,unknown,,"Own research list, Sept 2026. Name, services and coordinates not yet confirmed.",,no,no
manipal-yelahanka,Manipal Hospital Yelahanka (formerly Columbia Asia),Private hospital,"Yelahanka New Town, near Yelahanka Bus Stand, Bengaluru",560064,13.1005,77.5960,pep;ec;injury,unknown,24x7,unknown,,"Own research list, Sept 2026. Name, services and coordinates not yet confirmed.",,no,no
fortis-nagarbhavi,Fortis Hospital Nagarbhavi,Private hospital,"Building No. 119, Survey No. 23, 80 Feet Main Road, Nagarbhavi 2nd Stage, Bengaluru",560072,12.9585,77.5115,pep;ec;injury,unknown,24x7,unknown,,"Own research list, Sept 2026. Services and coordinates not yet confirmed.",,no,no